dx_cd,model_version,hcc,note
E119,V24,DIAB_NC,
E119,V28,DIAB_NC,
E1122,V24,DIAB_CC,
E1122,V28,DIAB_CC,
E1165,V24,DIAB_CC,
E1165,V28,DIAB_NC,FAKE: shows a code moving to a lower category between versions
I5020,V24,CHF,
I5020,V28,CHF,
I509,V24,CHF,
I509,V28,CHF,
J449,V24,COPD,
J449,V28,COPD,
J45909,V24,ASTHMA,
N1830,V24,CKD3,
N1830,V28,CKD3,
N184,V24,CKD4,
N184,V28,CKD4,
N185,V24,CKD5,
N185,V28,CKD5,
F329,V24,MDD,
F339,V24,MDD,
F339,V28,MDD,
F200,V24,SCHIZ,
F200,V28,SCHIZ,
G809,V24,CP,
G809,V28,CP,
G8250,V24,QUAD,
G8250,V28,QUAD,
E6601,V24,MORBID_OB,
E6601,V28,MORBID_OB,
C7951,V24,CANCER_MET,
C7951,V28,CANCER_MET,
C3490,V24,CANCER_LUNG,
C3490,V28,CANCER_LUNG,
